tpl,tpu
271.95,5.15
787.2,104.1
1966.25,706.85
2319.25,1697.7
2470.35,2769.05
2510.25,3867.7
2559.1,4975.95
2560.4,6083.15
2577.7,7205.8
2531.8,8313.3
2598.2105263157896,9415.842105263158
2557.7368421052633,10523.78947368421
2538.222222222222,11630.5
2675.1,12999.5
2651.75,14281.375
