tpl,tpu
267.55,4.55
742.9,90.1
1877.15,634.2
2235.95,1569.9
2370.9,2588.4
2453.8,3628.8
2472.35,4695.2
2471.2,5755.4
2475.85,6821.8
2470.9,7889.45
2482.4210526315787,8942.736842105263
2467.315789473684,10008.263157894737
2494.5555555555557,11040.388888888889
2499.0,12196.3
2518.125,13266.0
