tpl,tpu
267.55,63.45
742.9,298.95
1877.15,980.6
2235.95,2035.5
2370.9,3195.25
2453.8,4392.65
2472.35,5626.85
2471.2,6863.65
2475.85,8107.9
2470.9,9356.9
2482.4210526315787,10592.105263157895
2467.315789473684,11842.894736842105
2494.5555555555557,13058.166666666666
2499.0,14421.4
2518.125,15686.375
