tpl,tpu
336.2,73.0
1297.0,429.25
4260.85,1830.25
5891.8,4410.65
6592.7,7544.25
7052.3,10951.15
7185.6,14501.9
7330.4,18127.5
7346.25,21790.8
7560.1,25502.55
7514.894736842105,29206.315789473683
7447.578947368421,32920.52631578947
7427.833333333333,36637.77777777778
7489.2,40397.2
7336.0,44118.875
