tpl,tpu
271.95,63.75
787.2,308.85
1966.25,1039.65
2319.25,2145.25
2470.35,3353.65
2510.25,4604.75
2559.1,5877.0
2560.4,7156.95
2577.7,8452.5
2531.8,9737.6
2598.2105263157896,11018.157894736842
2557.7368421052633,12306.947368421053
2538.222222222222,13590.5
2675.1,15146.1
2651.75,16605.125
